platform,determinacy_group,mean_determinacy,mean_volume_z,se_volume_z,n
Kalshi,1,0.5341639751552796,0.14823085840661307,0.012336098505032448,5635
Kalshi,2,0.6042236490101658,-0.3057434062321783,0.021887719812116374,1869
Kalshi,3,0.6826530775379697,-0.08249367996130841,0.021241340329297916,2502
Kalshi,4,0.7542004454342983,-0.02558898601787562,0.022747172089847226,2245
Polymarket,1,0.3944929292929294,0.24670819347241818,0.027318339101360965,1485
Polymarket,2,0.4996986111111111,0.18555852790198232,0.027969655497226097,1440
Polymarket,3,0.6087090909090911,0.14667382307007165,0.02510998970536996,1430
Polymarket,4,0.7220515548281506,-0.32377157654848593,0.01783461284112437,2444
Polymarket,5,0.7860622222222221,-0.11558173642466806,0.04237572004598021,450
